what,kind,bundleId,bundleVersion,description,time
executed,command,org.eclipse.ui,3.5.2.M20100120-0800,"org.eclipse.ui.file.save",1268067332753
activated,view,org.eclipse.ant.ui,3.4.2.v20091204_r352,"org.eclipse.ant.ui.views.AntView",1268067394507
started,bundle,org.eclipse.ui.externaltools,3.2.0.v20090504,"org.eclipse.ui.externaltools",1268067395617
started,bundle,org.eclipse.jdt.debug,3.5.0.v20090526,"org.eclipse.jdt.debug",1268067395972
started,bundle,org.eclipse.jdt.debug.ui,3.4.1.v20090811_r351,"org.eclipse.jdt.debug.ui",1268067396095
activated,editor,org.eclipse.ant.ui,3.4.2.v20091204_r352,"org.eclipse.ant.ui.internal.editor.AntEditor",1268067397295
executed,command,org.eclipse.ui,3.5.2.M20100120-0800,"org.eclipse.ui.edit.copy",1268067408912
executed,command,org.eclipse.ui,3.5.2.M20100120-0800,"org.eclipse.ui.edit.paste",1268067411189
executed,command,org.eclipse.ui,3.5.2.M20100120-0800,"org.eclipse.ui.edit.copy",1268067417174
executed,command,org.eclipse.ui,3.5.2.M20100120-0800,"org.eclipse.ui.edit.paste",1268067419794
executed,command,org.eclipse.ui,3.5.2.M20100120-0800,"org.eclipse.ui.edit.copy",1268067432614
executed,command,org.eclipse.ui,3.5.2.M20100120-0800,"org.eclipse.ui.edit.paste",1268067444010
executed,command,org.eclipse.ui,3.5.2.M20100120-0800,"org.eclipse.ui.edit.undo",1268067456801
executed,command,org.eclipse.ui,3.5.2.M20100120-0800,"org.eclipse.ui.edit.undo",1268067457983
executed,command,org.eclipse.ui,3.5.2.M20100120-0800,"org.eclipse.ui.edit.undo",1268067458295
executed,command,org.eclipse.ui,3.5.2.M20100120-0800,"org.eclipse.ui.file.save",1268067469542
executed,command,org.eclipse.ui,3.5.2.M20100120-0800,"org.eclipse.ui.file.save",1268067478200
executed,command,org.eclipse.ui,3.5.2.M20100120-0800,"org.eclipse.ui.file.save",1268067488347
executed,command,org.eclipse.ui,3.5.2.M20100120-0800,"org.eclipse.ui.file.save",1268067494697
executed,command,org.eclipse.ui,3.5.2.M20100120-0800,"org.eclipse.ui.edit.findReplace",1268067514610
deactivated,workbench,org.eclipse.ui.workbench,3.5.2.M20100113-0800,"",1268067514637
activated,workbench,org.eclipse.ui.workbench,3.5.2.M20100113-0800,"",1268067525099
executed,command,org.eclipse.jdt.ui,3.5.2.r352_v20100106-0800,"org.eclipse.jdt.ui.edit.text.java.open.editor",1268067535867
executed,command,org.eclipse.jdt.ui,3.5.2.r352_v20100106-0800,"org.eclipse.jdt.ui.edit.text.java.open.editor",1268067536368
executed,command,org.eclipse.jdt.ui,3.5.2.r352_v20100106-0800,"org.eclipse.jdt.ui.edit.text.java.open.editor",1268067536686
executed,command,org.eclipse.ui,3.5.2.M20100120-0800,"org.eclipse.ui.edit.findReplace",1268067537349
deactivated,workbench,org.eclipse.ui.workbench,3.5.2.M20100113-0800,"",1268067537447
activated,workbench,org.eclipse.ui.workbench,3.5.2.M20100113-0800,"",1268067550477
deactivated,workbench,org.eclipse.ui.workbench,3.5.2.M20100113-0800,"",1268067597437
activated,workbench,org.eclipse.ui.workbench,3.5.2.M20100113-0800,"",1268067608070
executed,command,org.eclipse.ui,3.5.2.M20100120-0800,"org.eclipse.ui.file.save",1268067630693
started,bundle,org.eclipse.help.base,3.4.0.v201002111343,"org.eclipse.help.base",1268067703626
started,bundle,org.eclipse.equinox.p2.director.app,1.0.101.R35x_v20091106,"org.eclipse.equinox.p2.director.app",1268067703629
started,bundle,org.eclipse.equinox.p2.repository.tools,1.0.2.R35x_20100111,"org.eclipse.equinox.p2.repository.tools",1268067703632
started,bundle,org.eclipse.equinox.p2.metadata.generator,1.0.101.R35x_20100114,"org.eclipse.equinox.p2.metadata.generator",1268067703632
executed,command,org.eclipse.ui,3.5.2.M20100120-0800,"org.eclipse.ui.edit.undo",1268067726598
executed,command,org.eclipse.ui,3.5.2.M20100120-0800,"org.eclipse.ui.edit.undo",1268067726800
executed,command,org.eclipse.ui,3.5.2.M20100120-0800,"org.eclipse.ui.edit.copy",1268067760041
executed,command,org.eclipse.ui,3.5.2.M20100120-0800,"org.eclipse.ui.edit.paste",1268067761401
executed,command,org.eclipse.ui,3.5.2.M20100120-0800,"org.eclipse.ui.edit.copy",1268067782323
executed,command,org.eclipse.ui,3.5.2.M20100120-0800,"org.eclipse.ui.edit.paste",1268067784067
deactivated,workbench,org.eclipse.ui.workbench,3.5.2.M20100113-0800,"",1268067798981
activated,workbench,org.eclipse.ui.workbench,3.5.2.M20100113-0800,"",1268067804285
deactivated,workbench,org.eclipse.ui.workbench,3.5.2.M20100113-0800,"",1268067844010
activated,workbench,org.eclipse.ui.workbench,3.5.2.M20100113-0800,"",1268067888368
executed,command,org.eclipse.ui,3.5.2.M20100120-0800,"org.eclipse.ui.file.save",1268067892689
deactivated,workbench,org.eclipse.ui.workbench,3.5.2.M20100113-0800,"",1268067909565
activated,workbench,org.eclipse.ui.workbench,3.5.2.M20100113-0800,"",1268067940285
activated,view,org.eclipse.jdt.ui,3.5.2.r352_v20100106-0800,"org.eclipse.jdt.ui.PackageExplorer",1268067940422
activated,editor,org.eclipse.ant.ui,3.4.2.v20091204_r352,"org.eclipse.ant.ui.internal.editor.AntEditor",1268067941045
deactivated,workbench,org.eclipse.ui.workbench,3.5.2.M20100113-0800,"",1268067975938
activated,workbench,org.eclipse.ui.workbench,3.5.2.M20100113-0800,"",1268067979744
deactivated,workbench,org.eclipse.ui.workbench,3.5.2.M20100113-0800,"",1268067986044
activated,workbench,org.eclipse.ui.workbench,3.5.2.M20100113-0800,"",1268068325592
activated,view,org.eclipse.jdt.ui,3.5.2.r352_v20100106-0800,"org.eclipse.jdt.ui.PackageExplorer",1268068325723
activated,editor,org.eclipse.ant.ui,3.4.2.v20091204_r352,"org.eclipse.ant.ui.internal.editor.AntEditor",1268068326293
executed,command,org.eclipse.ui,3.5.2.M20100120-0800,"org.eclipse.ui.edit.undo",1268068344051
executed,command,org.eclipse.ui,3.5.2.M20100120-0800,"org.eclipse.ui.file.save",1268068344744
deactivated,workbench,org.eclipse.ui.workbench,3.5.2.M20100113-0800,"",1268068360783
activated,workbench,org.eclipse.ui.workbench,3.5.2.M20100113-0800,"",1268068537833
activated,view,org.eclipse.jdt.ui,3.5.2.r352_v20100106-0800,"org.eclipse.jdt.ui.PackageExplorer",1268068540053
deactivated,workbench,org.eclipse.ui.workbench,3.5.2.M20100113-0800,"",1268068548088
activated,workbench,org.eclipse.ui.workbench,3.5.2.M20100113-0800,"",1268068552198
deactivated,workbench,org.eclipse.ui.workbench,3.5.2.M20100113-0800,"",1268068555961
executed,command,org.eclipse.ui,3.5.2.M20100120-0800,"org.eclipse.ui.file.import",1268068663471
activated,workbench,org.eclipse.ui.workbench,3.5.2.M20100113-0800,"",1268068663511
deactivated,workbench,org.eclipse.ui.workbench,3.5.2.M20100113-0800,"",1268068667348
activated,workbench,org.eclipse.ui.workbench,3.5.2.M20100113-0800,"",1268068670979
deactivated,workbench,org.eclipse.ui.workbench,3.5.2.M20100113-0800,"",1268068683488
executed,command,org.eclipse.ui,3.5.2.M20100120-0800,"org.eclipse.ui.file.import",1268068695403
executed,command,org.eclipse.ui,3.5.2.M20100120-0800,"org.eclipse.ui.file.import",1268068695403
activated,workbench,org.eclipse.ui.workbench,3.5.2.M20100113-0800,"",1268068695442
deactivated,workbench,org.eclipse.ui.workbench,3.5.2.M20100113-0800,"",1268068701990
activated,workbench,org.eclipse.ui.workbench,3.5.2.M20100113-0800,"",1268068705652
deactivated,workbench,org.eclipse.ui.workbench,3.5.2.M20100113-0800,"",1268068712681
activated,workbench,org.eclipse.ui.workbench,3.5.2.M20100113-0800,"",1268068719802
activated,editor,org.eclipse.ant.ui,3.4.2.v20091204_r352,"org.eclipse.ant.ui.internal.editor.AntEditor",1268068724438
opened,editor,org.eclipse.jdt.ui,3.5.2.r352_v20100106-0800,"org.eclipse.jdt.ui.CompilationUnitEditor",1268068725118
activated,editor,org.eclipse.jdt.ui,3.5.2.r352_v20100106-0800,"org.eclipse.jdt.ui.CompilationUnitEditor",1268068725233
closed,editor,org.eclipse.ant.ui,3.4.2.v20091204_r352,"org.eclipse.ant.ui.internal.editor.AntEditor",1268068725234
opened,editor,org.eclipse.jdt.ui,3.5.2.r352_v20100106-0800,"org.eclipse.jdt.ui.CompilationUnitEditor",1268068725338
activated,editor,org.eclipse.jdt.ui,3.5.2.r352_v20100106-0800,"org.eclipse.jdt.ui.CompilationUnitEditor",1268068725402
started,bundle,org.eclipse.jdt.junit,3.5.2.r352_v20100113-0800,"org.eclipse.jdt.junit",1268068725601
activated,editor,org.eclipse.jdt.ui,3.5.2.r352_v20100106-0800,"org.eclipse.jdt.ui.CompilationUnitEditor",1268068727286
closed,editor,org.eclipse.jdt.ui,3.5.2.r352_v20100106-0800,"org.eclipse.jdt.ui.CompilationUnitEditor",1268068727286
opened,editor,org.eclipse.jdt.ui,3.5.2.r352_v20100106-0800,"org.eclipse.jdt.ui.CompilationUnitEditor",1268068728373
activated,editor,org.eclipse.jdt.ui,3.5.2.r352_v20100106-0800,"org.eclipse.jdt.ui.CompilationUnitEditor",1268068728438
activated,editor,org.eclipse.jdt.ui,3.5.2.r352_v20100106-0800,"org.eclipse.jdt.ui.CompilationUnitEditor",1268068729448
closed,editor,org.eclipse.jdt.ui,3.5.2.r352_v20100106-0800,"org.eclipse.jdt.ui.CompilationUnitEditor",1268068729448
activated,view,org.eclipse.jdt.ui,3.5.2.r352_v20100106-0800,"org.eclipse.jdt.ui.PackageExplorer",1268068731515
closed,editor,org.eclipse.jdt.ui,3.5.2.r352_v20100106-0800,"org.eclipse.jdt.ui.CompilationUnitEditor",1268068731515
opened,editor,org.eclipse.ant.ui,3.4.2.v20091204_r352,"org.eclipse.ant.ui.internal.editor.AntEditor",1268068742140
activated,editor,org.eclipse.ant.ui,3.4.2.v20091204_r352,"org.eclipse.ant.ui.internal.editor.AntEditor",1268068742243
executed,command,org.eclipse.ui,3.5.2.M20100120-0800,"org.eclipse.ui.file.save",1268068757821
activated,view,org.eclipse.ant.ui,3.4.2.v20091204_r352,"org.eclipse.ant.ui.views.AntView",1268068765006
activated,view,org.eclipse.ui.console,3.4.0.v20090513,"org.eclipse.ui.console.ConsoleView",1268068767547
activated,editor,org.eclipse.ant.ui,3.4.2.v20091204_r352,"org.eclipse.ant.ui.internal.editor.AntEditor",1268068778409
activated,view,org.eclipse.jdt.ui,3.5.2.r352_v20100106-0800,"org.eclipse.jdt.ui.PackageExplorer",1268068781223
activated,view,org.eclipse.ant.ui,3.4.2.v20091204_r352,"org.eclipse.ant.ui.views.AntView",1268068783591
activated,editor,org.eclipse.ant.ui,3.4.2.v20091204_r352,"org.eclipse.ant.ui.internal.editor.AntEditor",1268068784180
activated,view,org.eclipse.ant.ui,3.4.2.v20091204_r352,"org.eclipse.ant.ui.views.AntView",1268068787486
no handler,command,org.eclipse.ui,3.5.2.M20100120-0800,"org.eclipse.ui.edit.delete",1268068789110
no handler,command,org.eclipse.ui,3.5.2.M20100120-0800,"org.eclipse.ui.edit.delete",1268068789528
activated,view,org.eclipse.jdt.ui,3.5.2.r352_v20100106-0800,"org.eclipse.jdt.ui.PackageExplorer",1268068791924
opened,editor,org.eclipse.ant.ui,3.4.2.v20091204_r352,"org.eclipse.ant.ui.internal.editor.AntEditor",1268068795666
activated,editor,org.eclipse.ant.ui,3.4.2.v20091204_r352,"org.eclipse.ant.ui.internal.editor.AntEditor",1268068795769
executed,command,org.eclipse.ui,3.5.2.M20100120-0800,"org.eclipse.ui.edit.undo",1268068798651
executed,command,org.eclipse.ui,3.5.2.M20100120-0800,"org.eclipse.ui.edit.undo",1268068798882
executed,command,org.eclipse.ui,3.5.2.M20100120-0800,"org.eclipse.ui.file.save",1268068862287
activated,editor,org.eclipse.ant.ui,3.4.2.v20091204_r352,"org.eclipse.ant.ui.internal.editor.AntEditor",1268068870078
closed,editor,org.eclipse.ant.ui,3.4.2.v20091204_r352,"org.eclipse.ant.ui.internal.editor.AntEditor",1268068870078
activated,view,org.eclipse.jdt.ui,3.5.2.r352_v20100106-0800,"org.eclipse.jdt.ui.PackageExplorer",1268068877186
activated,editor,org.eclipse.ant.ui,3.4.2.v20091204_r352,"org.eclipse.ant.ui.internal.editor.AntEditor",1268068887924
activated,view,org.eclipse.jdt.ui,3.5.2.r352_v20100106-0800,"org.eclipse.jdt.ui.PackageExplorer",1268068888004
closed,editor,org.eclipse.ant.ui,3.4.2.v20091204_r352,"org.eclipse.ant.ui.internal.editor.AntEditor",1268068888004
opened,editor,org.eclipse.ant.ui,3.4.2.v20091204_r352,"org.eclipse.ant.ui.internal.editor.AntEditor",1268068891249
activated,editor,org.eclipse.ant.ui,3.4.2.v20091204_r352,"org.eclipse.ant.ui.internal.editor.AntEditor",1268068891318
activated,view,org.eclipse.jdt.ui,3.5.2.r352_v20100106-0800,"org.eclipse.jdt.ui.PackageExplorer",1268068893281
closed,editor,org.eclipse.ant.ui,3.4.2.v20091204_r352,"org.eclipse.ant.ui.internal.editor.AntEditor",1268068893281
opened,editor,org.eclipse.ant.ui,3.4.2.v20091204_r352,"org.eclipse.ant.ui.internal.editor.AntEditor",1268068897621
activated,editor,org.eclipse.ant.ui,3.4.2.v20091204_r352,"org.eclipse.ant.ui.internal.editor.AntEditor",1268068897684
activated,view,org.eclipse.jdt.ui,3.5.2.r352_v20100106-0800,"org.eclipse.jdt.ui.PackageExplorer",1268068901775
activated,view,org.eclipse.ant.ui,3.4.2.v20091204_r352,"org.eclipse.ant.ui.views.AntView",1268068904542
activated,view,org.eclipse.ui.console,3.4.0.v20090513,"org.eclipse.ui.console.ConsoleView",1268068906291
deactivated,workbench,org.eclipse.ui.workbench,3.5.2.M20100113-0800,"",1268068916426
activated,workbench,org.eclipse.ui.workbench,3.5.2.M20100113-0800,"",1268068922538
activated,view,org.eclipse.jdt.ui,3.5.2.r352_v20100106-0800,"org.eclipse.jdt.ui.PackageExplorer",1268068922651
activated,view,org.eclipse.ui.console,3.4.0.v20090513,"org.eclipse.ui.console.ConsoleView",1268068923362
activated,editor,org.eclipse.ant.ui,3.4.2.v20091204_r352,"org.eclipse.ant.ui.internal.editor.AntEditor",1268068938407
activated,view,org.eclipse.jdt.ui,3.5.2.r352_v20100106-0800,"org.eclipse.jdt.ui.PackageExplorer",1268068950259
deactivated,workbench,org.eclipse.ui.workbench,3.5.2.M20100113-0800,"",1268068956047
activated,workbench,org.eclipse.ui.workbench,3.5.2.M20100113-0800,"",1268069570302
activated,editor,org.eclipse.ant.ui,3.4.2.v20091204_r352,"org.eclipse.ant.ui.internal.editor.AntEditor",1268069578618
deactivated,workbench,org.eclipse.ui.workbench,3.5.2.M20100113-0800,"",1268069579792
activated,workbench,org.eclipse.ui.workbench,3.5.2.M20100113-0800,"",1268069580496
deactivated,workbench,org.eclipse.ui.workbench,3.5.2.M20100113-0800,"",1268069581962
activated,workbench,org.eclipse.ui.workbench,3.5.2.M20100113-0800,"",1268069600593
deactivated,workbench,org.eclipse.ui.workbench,3.5.2.M20100113-0800,"",1268069620036
activated,workbench,org.eclipse.ui.workbench,3.5.2.M20100113-0800,"",1268069659396
executed,command,org.eclipse.ui,3.5.2.M20100120-0800,"org.eclipse.ui.edit.paste",1268069661821
deactivated,workbench,org.eclipse.ui.workbench,3.5.2.M20100113-0800,"",1268069670983
activated,workbench,org.eclipse.ui.workbench,3.5.2.M20100113-0800,"",1268069671421
executed,command,org.eclipse.ui,3.5.2.M20100120-0800,"org.eclipse.ui.file.save",1268069673003
activated,view,org.eclipse.ant.ui,3.4.2.v20091204_r352,"org.eclipse.ant.ui.views.AntView",1268069674876
activated,view,org.eclipse.ui.console,3.4.0.v20090513,"org.eclipse.ui.console.ConsoleView",1268069677025
activated,editor,org.eclipse.ant.ui,3.4.2.v20091204_r352,"org.eclipse.ant.ui.internal.editor.AntEditor",1268069692111
executed,command,org.eclipse.ui,3.5.2.M20100120-0800,"org.eclipse.ui.edit.undo",1268069699507
deactivated,workbench,org.eclipse.ui.workbench,3.5.2.M20100113-0800,"",1268069704164
activated,workbench,org.eclipse.ui.workbench,3.5.2.M20100113-0800,"",1268069705067
deactivated,workbench,org.eclipse.ui.workbench,3.5.2.M20100113-0800,"",1268069705814
activated,workbench,org.eclipse.ui.workbench,3.5.2.M20100113-0800,"",1268069706325
executed,command,org.eclipse.ui,3.5.2.M20100120-0800,"org.eclipse.ui.edit.copy",1268069713047
activated,view,org.eclipse.jdt.ui,3.5.2.r352_v20100106-0800,"org.eclipse.jdt.ui.PackageExplorer",1268069716439
opened,editor,org.eclipse.ant.ui,3.4.2.v20091204_r352,"org.eclipse.ant.ui.internal.editor.AntEditor",1268069721090
activated,editor,org.eclipse.ant.ui,3.4.2.v20091204_r352,"org.eclipse.ant.ui.internal.editor.AntEditor",1268069721193
executed,command,org.eclipse.ui,3.5.2.M20100120-0800,"org.eclipse.ui.edit.paste",1268069727586
executed,command,org.eclipse.ui,3.5.2.M20100120-0800,"org.eclipse.ui.file.save",1268069728448
executed,command,org.eclipse.ui,3.5.2.M20100120-0800,"org.eclipse.ui.edit.copy",1268069756932
executed,command,org.eclipse.ui,3.5.2.M20100120-0800,"org.eclipse.ui.edit.paste",1268069758243
executed,command,org.eclipse.ui,3.5.2.M20100120-0800,"org.eclipse.ui.file.save",1268069778258
executed,command,org.eclipse.ui,3.5.2.M20100120-0800,"org.eclipse.ui.file.save",1268069786842
deactivated,workbench,org.eclipse.ui.workbench,3.5.2.M20100113-0800,"",1268069795015
activated,workbench,org.eclipse.ui.workbench,3.5.2.M20100113-0800,"",1268069808430
executed,command,org.eclipse.ui,3.5.2.M20100120-0800,"org.eclipse.ui.edit.copy",1268069816501
executed,command,org.eclipse.ui,3.5.2.M20100120-0800,"org.eclipse.ui.edit.paste",1268069817421
deactivated,workbench,org.eclipse.ui.workbench,3.5.2.M20100113-0800,"",1268069821709
activated,workbench,org.eclipse.ui.workbench,3.5.2.M20100113-0800,"",1268069829257
activated,view,org.eclipse.jdt.ui,3.5.2.r352_v20100106-0800,"org.eclipse.jdt.ui.PackageExplorer",1268069829436
activated,editor,org.eclipse.ant.ui,3.4.2.v20091204_r352,"org.eclipse.ant.ui.internal.editor.AntEditor",1268069830910
executed,command,org.eclipse.ui,3.5.2.M20100120-0800,"org.eclipse.ui.edit.copy",1268069858337
executed,command,org.eclipse.ui,3.5.2.M20100120-0800,"org.eclipse.ui.edit.copy",1268069868903
executed,command,org.eclipse.ui,3.5.2.M20100120-0800,"org.eclipse.ui.edit.paste",1268069871782
executed,command,org.eclipse.ui,3.5.2.M20100120-0800,"org.eclipse.ui.edit.copy",1268069881137
executed,command,org.eclipse.ui,3.5.2.M20100120-0800,"org.eclipse.ui.edit.paste",1268069883104
executed,command,org.eclipse.ui,3.5.2.M20100120-0800,"org.eclipse.ui.edit.undo",1268069885285
executed,command,org.eclipse.ui,3.5.2.M20100120-0800,"org.eclipse.ui.edit.undo",1268069885477
executed,command,org.eclipse.ui,3.5.2.M20100120-0800,"org.eclipse.ui.edit.copy",1268069890814
executed,command,org.eclipse.ui,3.5.2.M20100120-0800,"org.eclipse.ui.edit.paste",1268069894414
deactivated,workbench,org.eclipse.ui.workbench,3.5.2.M20100113-0800,"",1268069899839
activated,workbench,org.eclipse.ui.workbench,3.5.2.M20100113-0800,"",1268069906491
executed,command,org.eclipse.ui,3.5.2.M20100120-0800,"org.eclipse.ui.file.save",1268069908778
deactivated,workbench,org.eclipse.ui.workbench,3.5.2.M20100113-0800,"",1268069914602
activated,workbench,org.eclipse.ui.workbench,3.5.2.M20100113-0800,"",1268069926476
executed,command,org.eclipse.ui,3.5.2.M20100120-0800,"org.eclipse.ui.edit.paste",1268069930938
deactivated,workbench,org.eclipse.ui.workbench,3.5.2.M20100113-0800,"",1268069933682
activated,workbench,org.eclipse.ui.workbench,3.5.2.M20100113-0800,"",1268069934896
executed,command,org.eclipse.ui,3.5.2.M20100120-0800,"org.eclipse.ui.edit.copy",1268069944063
executed,command,org.eclipse.ui,3.5.2.M20100120-0800,"org.eclipse.ui.edit.paste",1268069945562
deactivated,workbench,org.eclipse.ui.workbench,3.5.2.M20100113-0800,"",1268069946715
activated,workbench,org.eclipse.ui.workbench,3.5.2.M20100113-0800,"",1268069949182
executed,command,org.eclipse.ui,3.5.2.M20100120-0800,"org.eclipse.ui.file.save",1268070047467
activated,view,org.eclipse.ant.ui,3.4.2.v20091204_r352,"org.eclipse.ant.ui.views.AntView",1268070053005
activated,view,org.eclipse.ui.console,3.4.0.v20090513,"org.eclipse.ui.console.ConsoleView",1268070056801
deactivated,workbench,org.eclipse.ui.workbench,3.5.2.M20100113-0800,"",1268070114229
activated,workbench,org.eclipse.ui.workbench,3.5.2.M20100113-0800,"",1268070115871
deactivated,workbench,org.eclipse.ui.workbench,3.5.2.M20100113-0800,"",1268070122595
activated,workbench,org.eclipse.ui.workbench,3.5.2.M20100113-0800,"",1268070123326
deactivated,workbench,org.eclipse.ui.workbench,3.5.2.M20100113-0800,"",1268070125164
activated,workbench,org.eclipse.ui.workbench,3.5.2.M20100113-0800,"",1268070135150
activated,view,org.eclipse.jdt.ui,3.5.2.r352_v20100106-0800,"org.eclipse.jdt.ui.PackageExplorer",1268070135290
activated,editor,org.eclipse.ant.ui,3.4.2.v20091204_r352,"org.eclipse.ant.ui.internal.editor.AntEditor",1268070136491
executed,command,org.eclipse.ui,3.5.2.M20100120-0800,"org.eclipse.ui.edit.delete",1268070151651
executed,command,org.eclipse.ui,3.5.2.M20100120-0800,"org.eclipse.ui.edit.delete",1268070151901
executed,command,org.eclipse.ui,3.5.2.M20100120-0800,"org.eclipse.ui.edit.delete",1268070151935
executed,command,org.eclipse.ui,3.5.2.M20100120-0800,"org.eclipse.ui.edit.delete",1268070151970
executed,command,org.eclipse.ui,3.5.2.M20100120-0800,"org.eclipse.ui.edit.delete",1268070152002
executed,command,org.eclipse.ui,3.5.2.M20100120-0800,"org.eclipse.ui.edit.delete",1268070152036
executed,command,org.eclipse.ui,3.5.2.M20100120-0800,"org.eclipse.ui.edit.delete",1268070152069
executed,command,org.eclipse.ui,3.5.2.M20100120-0800,"org.eclipse.ui.edit.delete",1268070152101
executed,command,org.eclipse.ui,3.5.2.M20100120-0800,"org.eclipse.ui.edit.delete",1268070152132
executed,command,org.eclipse.ui,3.5.2.M20100120-0800,"org.eclipse.ui.edit.delete",1268070152169
executed,command,org.eclipse.ui,3.5.2.M20100120-0800,"org.eclipse.ui.edit.delete",1268070152203
executed,command,org.eclipse.ui,3.5.2.M20100120-0800,"org.eclipse.ui.edit.delete",1268070152236
executed,command,org.eclipse.ui,3.5.2.M20100120-0800,"org.eclipse.ui.edit.delete",1268070152267
executed,command,org.eclipse.ui,3.5.2.M20100120-0800,"org.eclipse.ui.edit.delete",1268070152302
executed,command,org.eclipse.ui,3.5.2.M20100120-0800,"org.eclipse.ui.edit.delete",1268070152338
executed,command,org.eclipse.ui,3.5.2.M20100120-0800,"org.eclipse.ui.edit.delete",1268070152548
executed,command,org.eclipse.ui,3.5.2.M20100120-0800,"org.eclipse.ui.file.save",1268070154892
activated,view,org.eclipse.ant.ui,3.4.2.v20091204_r352,"org.eclipse.ant.ui.views.AntView",1268070161317
activated,view,org.eclipse.ui.console,3.4.0.v20090513,"org.eclipse.ui.console.ConsoleView",1268070164022
activated,editor,org.eclipse.ant.ui,3.4.2.v20091204_r352,"org.eclipse.ant.ui.internal.editor.AntEditor",1268070176378
activated,view,org.eclipse.ui.console,3.4.0.v20090513,"org.eclipse.ui.console.ConsoleView",1268070294034
deactivated,workbench,org.eclipse.ui.workbench,3.5.2.M20100113-0800,"",1268070312818
activated,workbench,org.eclipse.ui.workbench,3.5.2.M20100113-0800,"",1268070543275
activated,editor,org.eclipse.ant.ui,3.4.2.v20091204_r352,"org.eclipse.ant.ui.internal.editor.AntEditor",1268070544182
activated,view,org.eclipse.ui.console,3.4.0.v20090513,"org.eclipse.ui.console.ConsoleView",1268070571937
executed,command,org.eclipse.ui,3.5.2.M20100120-0800,"org.eclipse.ui.edit.findReplace",1268070572659
deactivated,workbench,org.eclipse.ui.workbench,3.5.2.M20100113-0800,"",1268070572685
activated,workbench,org.eclipse.ui.workbench,3.5.2.M20100113-0800,"",1268070576205
activated,editor,org.eclipse.ant.ui,3.4.2.v20091204_r352,"org.eclipse.ant.ui.internal.editor.AntEditor",1268070614148
activated,view,org.eclipse.ui.console,3.4.0.v20090513,"org.eclipse.ui.console.ConsoleView",1268070621158
activated,editor,org.eclipse.ant.ui,3.4.2.v20091204_r352,"org.eclipse.ant.ui.internal.editor.AntEditor",1268070621849
executed,command,org.eclipse.ui,3.5.2.M20100120-0800,"org.eclipse.ui.file.save",1268070678478
activated,view,org.eclipse.ant.ui,3.4.2.v20091204_r352,"org.eclipse.ant.ui.views.AntView",1268070682416
activated,view,org.eclipse.ui.console,3.4.0.v20090513,"org.eclipse.ui.console.ConsoleView",1268070685229
activated,editor,org.eclipse.ant.ui,3.4.2.v20091204_r352,"org.eclipse.ant.ui.internal.editor.AntEditor",1268070717448
executed,command,org.eclipse.ui,3.5.2.M20100120-0800,"org.eclipse.ui.file.save",1268070722111
activated,view,org.eclipse.ant.ui,3.4.2.v20091204_r352,"org.eclipse.ant.ui.views.AntView",1268070724344
activated,view,org.eclipse.ui.console,3.4.0.v20090513,"org.eclipse.ui.console.ConsoleView",1268070725256
activated,editor,org.eclipse.ant.ui,3.4.2.v20091204_r352,"org.eclipse.ant.ui.internal.editor.AntEditor",1268070732271
executed,command,org.eclipse.ui,3.5.2.M20100120-0800,"org.eclipse.ui.edit.findReplace",1268070738237
deactivated,workbench,org.eclipse.ui.workbench,3.5.2.M20100113-0800,"",1268070738293
activated,workbench,org.eclipse.ui.workbench,3.5.2.M20100113-0800,"",1268070739877
deactivated,workbench,org.eclipse.ui.workbench,3.5.2.M20100113-0800,"",1268070756729
activated,workbench,org.eclipse.ui.workbench,3.5.2.M20100113-0800,"",1268070757535
deactivated,workbench,org.eclipse.ui.workbench,3.5.2.M20100113-0800,"",1268070757915
activated,workbench,org.eclipse.ui.workbench,3.5.2.M20100113-0800,"",1268070799321
deactivated,workbench,org.eclipse.ui.workbench,3.5.2.M20100113-0800,"",1268070817877
activated,workbench,org.eclipse.ui.workbench,3.5.2.M20100113-0800,"",1268070961720
executed,command,org.eclipse.ui,3.5.2.M20100120-0800,"org.eclipse.ui.edit.undo",1268070964590
executed,command,org.eclipse.ui,3.5.2.M20100120-0800,"org.eclipse.ui.edit.copy",1268070974805
executed,command,org.eclipse.ui,3.5.2.M20100120-0800,"org.eclipse.ui.edit.paste",1268070976122
executed,command,org.eclipse.ui,3.5.2.M20100120-0800,"org.eclipse.ui.file.save",1268070980542
executed,command,org.eclipse.ui,3.5.2.M20100120-0800,"org.eclipse.ui.edit.copy",1268070991501
deactivated,workbench,org.eclipse.ui.workbench,3.5.2.M20100113-0800,"",1268070997744
activated,workbench,org.eclipse.ui.workbench,3.5.2.M20100113-0800,"",1268071004003
deactivated,workbench,org.eclipse.ui.workbench,3.5.2.M20100113-0800,"",1268071007850
activated,workbench,org.eclipse.ui.workbench,3.5.2.M20100113-0800,"",1268071009098
deactivated,workbench,org.eclipse.ui.workbench,3.5.2.M20100113-0800,"",1268071010650
activated,workbench,org.eclipse.ui.workbench,3.5.2.M20100113-0800,"",1268071012652
deactivated,workbench,org.eclipse.ui.workbench,3.5.2.M20100113-0800,"",1268071013486
activated,workbench,org.eclipse.ui.workbench,3.5.2.M20100113-0800,"",1268071020060
deactivated,workbench,org.eclipse.ui.workbench,3.5.2.M20100113-0800,"",1268071021422
activated,workbench,org.eclipse.ui.workbench,3.5.2.M20100113-0800,"",1268071043236
deactivated,workbench,org.eclipse.ui.workbench,3.5.2.M20100113-0800,"",1268071045037
activated,workbench,org.eclipse.ui.workbench,3.5.2.M20100113-0800,"",1268071167822
executed,command,org.eclipse.ui,3.5.2.M20100120-0800,"org.eclipse.ui.edit.cut",1268071185568
deactivated,workbench,org.eclipse.ui.workbench,3.5.2.M20100113-0800,"",1268071187968
activated,workbench,org.eclipse.ui.workbench,3.5.2.M20100113-0800,"",1268071207158
executed,command,org.eclipse.ui,3.5.2.M20100120-0800,"org.eclipse.ui.edit.paste",1268071211189
executed,command,org.eclipse.ui,3.5.2.M20100120-0800,"org.eclipse.ui.edit.cut",1268071228873
executed,command,org.eclipse.ui,3.5.2.M20100120-0800,"org.eclipse.ui.file.save",1268071238493
executed,command,org.eclipse.ui,3.5.2.M20100120-0800,"org.eclipse.ui.file.save",1268071254836
activated,view,org.eclipse.ant.ui,3.4.2.v20091204_r352,"org.eclipse.ant.ui.views.AntView",1268071257334
activated,view,org.eclipse.ui.console,3.4.0.v20090513,"org.eclipse.ui.console.ConsoleView",1268071259494
